1000 gecs,100 gecs,http://upload.wikimedia.org/wikipedia/en/c/cc/AllTheRightReasons.jpg
All Eyez on Me,2Pac,http://upload.wikimedia.org/wikipedia/en/1/16/Alleyezonme.jpg
Get Rich or Die Tryin',50 Cent,http://upload.wikimedia.org/wikipedia/en/9/9d/Get_Rich_Or_Die_Tryin%27.JPG
The Low End Theory,A Tribe Called Quest,http://upload.wikimedia.org/wikipedia/en/4/42/ATribeCalledQuestTheLowEndtheory.jpg
ABBA: The Album,ABBA,http://upload.wikimedia.org/wikipedia/en/2/27/ABBA_-_The_Album_%28Polar%29.jpg
Back in Black,AC/DC,http://upload.wikimedia.org/wikipedia/commons/9/92/ACDC_Back_in_Black.png
21,Adele,http://upload.wikimedia.org/wikipedia/en/1/1b/Adele_-_21.png
Get a Grip,Aerosmith,http://upload.wikimedia.org/wikipedia/en/9/9f/GetAGrip_Aerosmithalbum.jpg
Moon Safari,Air,http://upload.wikimedia.org/wikipedia/en/a/ac/Air_-_Moon_Safari.png
Jagged Little Pill,Alanis Morissette,http://upload.wikimedia.org/wikipedia/en/4/47/Alanis_Morissette_-_Jagged_Little_Pill.jpg
Dirt,Alice in Chains,http://upload.wikimedia.org/wikipedia/en/f/f9/Dirt_%28Alice_in_Chains_album_-_cover_art%29.jpg
The Diary of Alicia Keys,Alicia Keys,http://upload.wikimedia.org/wikipedia/en/e/e6/The_Diary_Of_Alicia_Keys_album_cover.jpg
Back to Black,Amy Winehouse,http://upload.wikimedia.org/wikipedia/en/6/67/Amy_Winehouse_-_Back_to_Black_%28album%29.png
New Blue Sun,André 3000,http://upload.wikimedia.org/wikipedia/en/2/2e/Andr%C3%A9_3000_-_New_Blue_Sun.png
I Get Wet,Andrew WK,http://upload.wikimedia.org/wikipedia/en/1/1b/Andrewwet.jpeg
My Woman,Angel Olsen,http://upload.wikimedia.org/wikipedia/en/3/30/My_Woman_%28front_cover%29.jpg
Merriweather Post Pavilion,Animal Collective,http://upload.wikimedia.org/wikipedia/en/5/5a/Animal_Collective_-_Merriweather_Post_Pavilion.png
The Richard D,Aphex Twin,http://upload.wikimedia.org/wikipedia/en/8/88/Whatever_People_Say_I_Am%2C_That%27s_What_I%27m_Not_%282006_Arctic_Monkeys_album%29.jpg
Funeral,Arcade Fire,http://upload.wikimedia.org/wikipedia/en/2/25/ArcadeFireFuneralCover.jpg
Whatever People Say I Am That's What I'm Not,Arctic Monkeys,http://upload.wikimedia.org/wikipedia/en/8/88/Whatever_People_Say_I_Am%2C_That%27s_What_I%27m_Not_%282006_Arctic_Monkeys_album%29.jpg
I Never Loved a Man the Way I Love You,Aretha Franklin,http://upload.wikimedia.org/wikipedia/en/1/15/Aretha_Franklin_%E2%80%93_I_Never_Loved_a_Man_the_Way_I_Love_You.jpg
Thank U Next,Ariana Grande,http://upload.wikimedia.org/wikipedia/en/d/dd/Thank_U%2C_Next_album_cover.png
Teen Dream,Beach House,http://upload.wikimedia.org/wikipedia/en/b/b2/Beach_House_-_Teen_Dream.png
Licensed to Ill,Beastie Boys,http://upload.wikimedia.org/wikipedia/en/6/67/Beastie_Boys_-_Licensed_to_Ill.png
Odelay,Beck,http://upload.wikimedia.org/wikipedia/en/f/f4/Odelay.jpg
If You're Feeling Sinister,Belle and Sebastian,http://upload.wikimedia.org/wikipedia/en/0/0f/Belle_And_Sebastian_-_If_You%27re_Feeling_Sinister.jpg
Lemonade,Beyoncé,http://upload.wikimedia.org/wikipedia/en/5/53/Beyonce_-_Lemonade_%28Official_Album_Cover%29.png
Third/Sister Lovers,Big Star,http://upload.wikimedia.org/wikipedia/en/9/93/Big_Star-3rd.jpg
U.F.O.F.,Big Thief,http://upload.wikimedia.org/wikipedia/en/2/21/U.F.O.F._cover.jpg
When We All Fall Asleep Where Do We Go?,Billie Eilish,http://upload.wikimedia.org/wikipedia/en/3/38/When_We_All_Fall_Asleep%2C_Where_Do_We_Go%3F.png
The Stranger,Billy Joel,http://upload.wikimedia.org/wikipedia/en/f/f5/Thestranger1977.jpg
Post,Björk,http://upload.wikimedia.org/wikipedia/en/3/3f/Bjork_Post.png
Ants From Up There,Black  Country New Road,http://upload.wikimedia.org/wikipedia/en/d/d7/Ants_from_Up_There_-_Black_Country%2C_New_Road.jpg
Paranoid,Black Sabbath,http://upload.wikimedia.org/wikipedia/en/6/64/Black_Sabbath_-_Paranoid.jpg
Silent Alarm,Bloc Party,http://upload.wikimedia.org/wikipedia/en/0/00/Silentalarmcover.jpg
Parallel Lines,Blondie,http://upload.wikimedia.org/wikipedia/en/4/48/Blondie_-_Parallel_Lines.png
13,Blur,http://upload.wikimedia.org/wikipedia/en/4/4c/13_%28Blur_album_-_cover_art%29.jpg
Music Has the Right to Children,Boards of Canada,http://upload.wikimedia.org/wikipedia/en/e/e9/Musichastherighttochildren.jpg
The Freewheelin' Bob Dylan,Bob Dylan,http://upload.wikimedia.org/wikipedia/en/d/d6/Bob_Dylan_-_The_Freewheelin%27_Bob_Dylan.jpg
The Basement Tapes,Bob Dylan and the Band,http://upload.wikimedia.org/wikipedia/en/e/e5/Bob_Dylan_and_The_Band_-_The_Basement_Tapes.jpg
Catch a Fire,Bob Marley and the Wailers,http://upload.wikimedia.org/wikipedia/en/b/bf/BobMarleyCatchAFire.jpg
For Emma Forever Ago,Bon Iver,http://upload.wikimedia.org/wikipedia/en/e/e0/Bon_iver_album_cover.jpg
I See a Darkenss,"Bonnie ""Prince"" Billy",http://upload.wikimedia.org/wikipedia/en/4/48/IseeaDarkness.jpg
The Record,boygenius,http://upload.wikimedia.org/wikipedia/en/2/21/Boygenius_-_the_record.jpg
I'm Wide Awake It's Morning,Bright Eyes,http://upload.wikimedia.org/wikipedia/en/3/36/Imwideawake.jpg
...Baby One More Time,Britney Spears,http://upload.wikimedia.org/wikipedia/en/9/9a/..._Baby_One_More_Time_%28album%29.png
Saturation III,Brockhampton,http://upload.wikimedia.org/wikipedia/en/9/93/Brockhampton_-_Saturation_III.png
You Forgot It in People,Broke Social Scene,http://upload.wikimedia.org/wikipedia/en/5/57/YouForgotItInPeople.jpg
Born to Run,Bruce Springsteen,http://upload.wikimedia.org/wikipedia/en/7/7a/Born_to_Run_%28Front_Cover%29.jpg
20 Golden Greats,Buddy Holly,http://upload.wikimedia.org/wikipedia/en/9/92/Depeche_Mode_-_Violator.png
Perfect From Now On,Built To Spill,http://upload.wikimedia.org/wikipedia/en/0/08/Perfect_From_Now_On.jpg
Untrue,Burial,http://upload.wikimedia.org/wikipedia/en/6/64/BurialUntrue.jpg
Singles Going Steady,Buzzcocks,http://upload.wikimedia.org/wikipedia/en/4/48/Buzzcocks_-_Singles_Going_Steady_LP_album_cover.jpg
Twin Fantasy,Car Seat Headrest,http://upload.wikimedia.org/wikipedia/en/8/81/Twin_fantasy_face_to_face.jpg
E.MO.TION,Carly Rae Jepsen,http://upload.wikimedia.org/wikipedia/en/d/d6/Carly_Rae_Jepsen_-_Emotion.png
Tapestry,Carole King,http://upload.wikimedia.org/wikipedia/en/5/52/Carole_King_-_Tapestry.jpg
Tea for the Tillerman,Cat Stevens,http://upload.wikimedia.org/wikipedia/en/0/0e/Tea_for_the_Tillerman.jpeg
Falling Into You,Celine Dion,http://upload.wikimedia.org/wikipedia/en/c/c2/Falling_into_You.png
The Rise and Fall of a Midwest Princess,Chappell Roan,http://upload.wikimedia.org/wikipedia/en/3/34/Chappell_Roan_-_The_Rise_and_Fall_of_a_Midwest_Princess.png
Brat,Charli XCX,http://upload.wikimedia.org/wikipedia/commons/6/60/Charli_XCX_-_Brat_%28album_cover%29.png
Bando Stone & the New World,Childish Gambino,http://upload.wikimedia.org/wikipedia/en/1/15/Childish_Gambino_-_Bando_Stone_%26_the_New_World.png
Diamond Jubilee,Cindy Lee,http://upload.wikimedia.org/wikipedia/en/7/70/Diamond_Jubilee_by_Cindy_Lee.jpg
Heaven or Las Vegas,Cocteau Twins,http://upload.wikimedia.org/wikipedia/en/6/60/Cocteau_Twins%E2%80%94Heaven_or_Las_Vegas.jpg
Moon Music,Coldplay,http://upload.wikimedia.org/wikipedia/en/e/e3/Coldplay_-_Moon_Music_%28Official_Album_Artwork%29.png
Viva la Vida or Death and All His Friends,Coldplay,http://upload.wikimedia.org/wikipedia/en/b/b2/Coldplay_-_Viva_la_Vida_or_Death_and_All_His_Friends.png
Sometimes I Sit and Think Sometimes I Just Sit,Courtney Barnett,http://upload.wikimedia.org/wikipedia/en/7/72/Courtney_Barnett_Sometimes_I_Think.jpg
Déjà Vu,Crosby Stills Nash & Young,http://upload.wikimedia.org/wikipedia/en/9/90/Crosby%2C_Stills%2C_Nash_%26_Young_-_Deja_Vu.jpg
Super Fly,Curtis Mayfield,http://upload.wikimedia.org/wikipedia/en/2/26/CurtisMayfieldSuperfly.jpg
She's So Unusual,Cyndi Lauper,http://upload.wikimedia.org/wikipedia/en/0/09/ShesSoUnusual1984.PNG
Voodoo,D'Angelo,http://upload.wikimedia.org/wikipedia/en/c/cc/Voodoo_UK.jpg
Random Access Memories,Daft Punk,http://upload.wikimedia.org/wikipedia/en/2/26/Daft_Punk_-_Random_Access_Memories.png
Atrocity Exhibiton,Danny Brown,http://upload.wikimedia.org/wikipedia/en/b/ba/AtrocityExhibition.jpg
Under the Table and Dreaming,Dave Matthews Band,http://upload.wikimedia.org/wikipedia/en/d/d3/Dave_Matthews_Band_-_Under_the_Table_and_Dreaming.jpg
The Rise and Fall of Ziggy Stardust and the Spiders from Mars,David Bowie,http://upload.wikimedia.org/wikipedia/en/0/01/ZiggyStardust.jpg
3 Feet High and Rising,De La Soul,http://upload.wikimedia.org/wikipedia/commons/7/72/De_La_Soul_-_3_Feet_High_and_Rising_Cover.jpeg
Sunbather,Deafheaven,http://upload.wikimedia.org/wikipedia/en/7/74/Deafheaven_-_Sunbather_2013.png
Transatlanticism,Death Cab For Cutie,http://upload.wikimedia.org/wikipedia/en/e/e9/Transatlanticism.jpg
The Money Store,Death Grips,http://upload.wikimedia.org/wikipedia/en/a/af/Death_Grips_-_The_Money_Store.jpg
Halcyon Digest,Deerhunter,http://upload.wikimedia.org/wikipedia/en/8/89/Halcyon_Digest_-_%28Front_Cover%29.png
White Pony,Deftones,http://upload.wikimedia.org/wikipedia/en/1/16/Deftones_-_White_Pony-greycoverart.jpg
The Writing's on the Wall,Destiny's Child,http://upload.wikimedia.org/wikipedia/en/f/f9/Destiny%27s_Child_%E2%80%93_The_Writing%27s_on_the_Wall.jpg
Kaputt,Destroyer,http://upload.wikimedia.org/wikipedia/en/b/b9/2011Kaputt.jpg
Q: Are We Not Men? A: We Are Devo!,Devo,http://upload.wikimedia.org/wikipedia/en/5/54/Are_We_Not_Men_We_Are_Devo%21.jpg
Brothers in Arms,Dire Straits,http://upload.wikimedia.org/wikipedia/en/6/67/DS_Brothers_in_Arms.jpg
Bitte Orca,Dirty Projectors,http://upload.wikimedia.org/wikipedia/en/6/69/DirtyProjectors-BitteOrca.jpg
Entroducing...,DJ Shadow,http://upload.wikimedia.org/wikipedia/en/c/c1/Endtroducingcover.jpg
Alligator Bites Never Heal,Doechii,http://upload.wikimedia.org/wikipedia/en/b/bd/Doechii_-_Alligator_Bites_Never_Heal.png
Coat of Many Colors,Dolly Parton,http://upload.wikimedia.org/wikipedia/en/a/ab/CoatofManyColors.jpg
Bad Girls,Donna Summer,http://upload.wikimedia.org/wikipedia/en/b/b7/Bad_Girls_LP.jpg
The Chronic,Dr. Dre,http://upload.wikimedia.org/wikipedia/en/1/19/Dr.DreTheChronic.jpg
Certified Lover Boy,Drake,http://upload.wikimedia.org/wikipedia/en/7/79/Drake_-_Certified_Lover_Boy.png
Take Care,Drake,http://upload.wikimedia.org/wikipedia/en/a/ae/Drake_-_Take_Care_cover.jpg
Future Nostalgia,Dua Lipa,http://upload.wikimedia.org/wikipedia/en/f/f5/Dua_Lipa_-_Future_Nostalgia_%28Official_Album_Cover%29.png
Dusty in Memphis,Dusty Springfield,http://upload.wikimedia.org/wikipedia/en/c/cf/Dusty_Springfield%2C_Dusty_in_Memphis_%281969%29.png
Hotel California,Eagles,http://upload.wikimedia.org/wikipedia/en/2/20/Hotel_California_by_the_Eagles_US_vinyl_single.png
Some Rap Songs,Earl Sweatshirt,http://upload.wikimedia.org/wikipedia/en/d/db/Some_Rap_Songs.jpg
Either/Or,Elliott Smith,http://upload.wikimedia.org/wikipedia/en/f/fd/Elliottsmitheitheror55.jpg
XO,Elliott Smith,http://upload.wikimedia.org/wikipedia/en/3/35/ElliottsmithXOalbumcover.jpg
Honky Château,Elton John,http://upload.wikimedia.org/wikipedia/en/f/f0/Elton_John_-_Honky_Ch%C3%A2teau.jpg
This Year's Model,Elvis Costello,http://upload.wikimedia.org/wikipedia/en/e/e1/Elvis-Costello-This-Years-Model.jpg
The Sun Sessions,Elvis Presley,http://upload.wikimedia.org/wikipedia/en/c/cd/Elvis_Presley_The_Sun_Sessions_LP_Cover.jpg
The Marshall Mathers LP,Eminem,http://upload.wikimedia.org/wikipedia/en/a/ae/The_Marshall_Mathers_LP.jpg
The Death of Slim Shady (Coup de Grâce),Eminem,http://upload.wikimedia.org/wikipedia/en/4/4e/Eminem_-_The_Death_of_Slim_Shady_%28Coup_de_Gr%C3%A2ce%29.png
Paid in Full,Eric B. & Rakim,http://upload.wikimedia.org/wikipedia/en/e/e1/RakimPIF.jpg
Mama's Gun,Erykah Badu,http://upload.wikimedia.org/wikipedia/en/4/4c/Erykah_Badu_-_Mama%27s_Gun.jpg
At Last!,Etta James,http://upload.wikimedia.org/wikipedia/en/f/fd/At_Last_-_Etta_James.jpg
I Love You Honeybear,Father John Misty,http://upload.wikimedia.org/wikipedia/en/c/cb/I_Love_You%2C_Honeybear.jpg
The Idler Wheel...,Fiona Apple,http://upload.wikimedia.org/wikipedia/en/7/7d/TheIdlerWheel....jpg
Magdalene,FKA Twigs,http://upload.wikimedia.org/wikipedia/en/9/91/FKATwigs_Magdalene.png
Fleet Foxes,Fleet Foxes,http://upload.wikimedia.org/wikipedia/en/0/01/Fleet_foxes.jpg
Rumours,Fleetwood Mac,http://upload.wikimedia.org/wikipedia/en/f/fb/FMacRumours.PNG
Cosmogramma,Flying Lotus,http://upload.wikimedia.org/wikipedia/en/b/bc/WARPCD195Packshot_480.jpg
Romance,Fontaines D.C.,http://upload.wikimedia.org/wikipedia/en/3/31/Romance_Fontaines_D.C._album_cover.jpg
The Colour and the Shapee,Foo Fighters,http://upload.wikimedia.org/wikipedia/en/0/0d/FooFighters-TheColourAndTheShape.jpg
Blonde,Frank Ocean,http://upload.wikimedia.org/wikipedia/en/a/a0/Blonde_-_Frank_Ocean.jpeg
In the Wee Small Hours,Frank Sinatra,http://upload.wikimedia.org/wikipedia/en/1/12/Wee_small_hours_album_cover_high_definition.jpg
Freak Out!,Frank Zappa and the Mothers of Invention,http://upload.wikimedia.org/wikipedia/en/7/79/FreakOut%21.jpg
The Score,Fugees,http://upload.wikimedia.org/wikipedia/en/d/df/Fugees_-_The_Score.png
Maggot Brain,Funkadelic,http://upload.wikimedia.org/wikipedia/en/9/9a/Maggot_Brain_%28Funkadelic_album_-_cover_art%29.jpg
Entertainment!,Gang of Four,http://upload.wikimedia.org/wikipedia/en/6/6d/Entertainment%21.jpg
The Lamb Lies Down on Broadway,Genesis,http://upload.wikimedia.org/wikipedia/en/e/ee/The_Lamb_Lies_Down_on_Broadway.jpg
Faith,George Michael,http://upload.wikimedia.org/wikipedia/en/9/9a/George_Michael_-_Faith.png
Lift Your Skinny Fists like Antennas to Heaven,Godspeed You! Black Emporer,http://upload.wikimedia.org/wikipedia/en/d/d3/Liftyrskinnyfists.jpg
The New Sound,Gordie Greep,http://upload.wikimedia.org/wikipedia/en/7/76/GeordieGreep_TheNewSound.jpg
Demon Days,Gorillaz,http://upload.wikimedia.org/wikipedia/en/d/df/Gorillaz_Demon_Days.PNG
The Secret of Us,Gracie Abrams,http://upload.wikimedia.org/wikipedia/en/1/18/Gracie_Abrams_-_The_Secret_of_Us.png
American Beauty,Grateful Dead,http://upload.wikimedia.org/wikipedia/en/6/6a/Grateful_Dead_-_American_Beauty.jpg
American Idiot,Green Day,http://upload.wikimedia.org/wikipedia/en/e/ed/Green_Day_-_American_Idiot_album_cover.png
Art Angels,Grimes,http://upload.wikimedia.org/wikipedia/en/d/d9/Grimes_-_Art_Angels.png
Veckatimest,Grizzly Bear,http://upload.wikimedia.org/wikipedia/en/8/85/Veckatimestgrizzly.gif
Appetite for Destruction,Guns N' Roses,http://upload.wikimedia.org/wikipedia/en/6/60/GunsnRosesAppetiteforDestructionalbumcover.jpg
Women in Music Pt,HAIM,http://upload.wikimedia.org/wikipedia/en/6/64/Haim_-_Women_in_Music_Pt._III.png
Nilsson Schmilsson,Harry Nilsson,http://upload.wikimedia.org/wikipedia/en/a/ae/Harry_Nilsson_-_Nilsson_Schmilsson.png
Head Hunters,Herbie Hancock,http://upload.wikimedia.org/wikipedia/en/5/54/Herbie-Hancock-Head-Hunters.png
Live Through This,Hole,http://upload.wikimedia.org/wikipedia/en/c/c5/Hole_-_Live_Through_This.png
Turn On the Bright Lights,Interpol,http://upload.wikimedia.org/wikipedia/en/6/68/Interpol_-_Turn_On_The_Bright_Lights.jpg
Iron Maiden,Iron Maiden,http://upload.wikimedia.org/wikipedia/en/7/7c/Iron_Maiden_%28album%29_cover.jpg
Donut,J Dilla,http://upload.wikimedia.org/wikipedia/en/1/14/Dilladonutscover.jpg
2014 Forest Hills Drive,J. Cole,http://upload.wikimedia.org/wikipedia/en/2/2a/2014ForestHillsDrive.jpg
James Blake,James Blake,http://upload.wikimedia.org/wikipedia/en/b/b5/James_Blake_Cover.jpg
Live at the Apollo,James Brown,http://upload.wikimedia.org/wikipedia/en/5/5a/James_Brown-Live_at_the_Apollo_(album_cover).jpg
Sweet Baby James,James Taylor,http://upload.wikimedia.org/wikipedia/en/1/12/James_Taylor_-_Sweet_Baby_James.jpg
The ArchAndroid,Janelle Monáe,http://upload.wikimedia.org/wikipedia/en/f/f9/Janelle_Mon%C3%A1e_-_The_ArchAndroid_album_cover.jpg
Control,Janet Jackson,http://upload.wikimedia.org/wikipedia/en/f/ff/Janet_Jackson_-_Control.png
Pearl,Janis Joplin,http://upload.wikimedia.org/wikipedia/en/6/61/Janis_Joplin-Pearl_%28album_cover%29.jpg
Celebration Rock,Japandroids,http://upload.wikimedia.org/wikipedia/en/e/e5/Celebration_Rock.jpg
The Blueprint,Jay-Z,http://upload.wikimedia.org/wikipedia/en/2/2c/The_Blueprint.png
Grace,Jeff Buckley,http://upload.wikimedia.org/wikipedia/en/e/e4/Jeff_Buckley_grace.jpg
Beautifully Broken,Jelly Roll,http://upload.wikimedia.org/wikipedia/en/7/7d/Jelly_Roll_-_Beautifully_Broken.png
What's Your Pleasure?,Jessie Ware,http://upload.wikimedia.org/wikipedia/en/c/c7/Jessie_Ware_%E2%80%93_What%27s_Your_Pleasure%3F_%28Official_Album_Cover%29.png
Ys,Joanna Newsom,http://upload.wikimedia.org/wikipedia/en/4/4d/Ys_cover.jpg
A Love Supreme,John Coltrane,http://upload.wikimedia.org/wikipedia/en/9/9a/John_Coltrane_-_A_Love_Supreme.jpg
John Lennon/Plastic Ono Band,John Lennon,http://upload.wikimedia.org/wikipedia/en/a/a4/JLPOBCover.jpg
John Prine,John Prine,http://upload.wikimedia.org/wikipedia/en/a/a0/John_Prine_self-titled.jpg
At Folsom Prison,Johnny Cash,http://upload.wikimedia.org/wikipedia/en/b/bf/Johnny_Cash_At_Folsom_Prison.jpg
Blue,Joni Mitchell,http://upload.wikimedia.org/wikipedia/en/e/e1/Bluealbumcover.jpg
Unknown Pleasures,Joy Division,http://upload.wikimedia.org/wikipedia/en/5/5a/UnknownPleasuresVinyl.jpg
The Party Never Ends,Juice Wrld,http://upload.wikimedia.org/wikipedia/en/8/87/Juice_Wrld_-_The_Party_Never_Ends.png
My World 2.0,Justin Beiber,http://upload.wikimedia.org/wikipedia/en/b/b9/Myworld2.jpg
Purpose,Justin Beiber,http://upload.wikimedia.org/wikipedia/en/2/27/Justin_Bieber_-_Purpose_%28Official_Album_Cover%29.png
Golden Hour,Kacey Musgraves,http://upload.wikimedia.org/wikipedia/en/6/65/Kacey_Musgraves_-_Golden_Hour.png
The College Dropout,Kanye West,http://upload.wikimedia.org/wikipedia/en/a/a3/Kanyewest_collegedropout.jpg
Yeezus,Kanye West,http://upload.wikimedia.org/wikipedia/en/0/03/Yeezus_album_cover.png
Hounds of Love,Kate Bush,http://upload.wikimedia.org/wikipedia/en/4/47/Alanis_Morissette_-_Jagged_Little_Pill.jpg
Teenage Dream,Katy Perry,http://upload.wikimedia.org/wikipedia/en/9/9d/Katy_Perry_-_Teenage_Dream_%28album%29.png
Breakaway,Kelly Clarkson,http://upload.wikimedia.org/wikipedia/en/5/56/Breakaway_Album.PNG
GNX,Kendrick Lamar,http://upload.wikimedia.org/wikipedia/en/9/93/Kendrick_Lamar_-_GNX.png
To Pimp a Butterfly,Kendrick Lamar,http://upload.wikimedia.org/wikipedia/en/f/f6/Kendrick_Lamar_-_To_Pimp_a_Butterfly.png
Breathless,Kenny G,http://upload.wikimedia.org/wikipedia/en/8/8e/Kenny_G-Breathless_%28album_cover%29.jpg
In the Court of the Crimson King,King Crimson,http://upload.wikimedia.org/wikipedia/en/8/84/In_the_Court_of_the_Crimson_King_-_40th_Anniversary_Box_Set_-_Front_cover.jpeg
Trans-Europe Express,Kraftwerk,http://upload.wikimedia.org/wikipedia/en/5/57/Trans-Europe_Express_German.png
The Fame,Lady Gaga,http://upload.wikimedia.org/wikipedia/en/d/dd/Lady_Gaga_%E2%80%93_The_Fame_album_cover.png
Born to Die,Lana Del Rey,http://upload.wikimedia.org/wikipedia/en/2/29/BornToDieAlbumCover.png
The Miseducation of Lauryn Hill,Lauryn Hill,http://upload.wikimedia.org/wikipedia/en/9/99/The_Miseducation_of_Lauryn_Hill.png
This is Happening,LCD Soundsystem,http://upload.wikimedia.org/wikipedia/en/7/7e/Lcdthisishappening.jpg
Led Zeppelin,Led Zeppelin,http://upload.wikimedia.org/wikipedia/en/e/ef/Led_Zeppelin_-_Led_Zeppelin_%281969%29_front_cover.png
Songs of Leonard Cohen,Leonard Cohen,http://upload.wikimedia.org/wikipedia/en/4/4c/SongsOfLeonardCohen.jpeg
Come Over When You're Sober,Lil Peep,http://upload.wikimedia.org/wikipedia/en/e/e5/LilPeep-480px.jpg
Tha Carter III,Lil Wayne,http://upload.wikimedia.org/wikipedia/en/c/c8/CarterIII.jpg
Chocolate Starfish and the Hot Dog Flavored Water,Limp Bizkit,http://upload.wikimedia.org/wikipedia/en/3/38/Limp_Bizkit_Chocolate_Starfish_and_the_Hotdog_Flavored_Water.jpg
Hybrid Theory,Linkin Park,http://upload.wikimedia.org/wikipedia/en/2/2a/Linkin_Park_Hybrid_Theory_Album_Cover.jpg
Here's Little Richard,Little Richard,http://upload.wikimedia.org/wikipedia/en/c/c0/Hereslittlerichard.jpeg
Exile in Guyville,Liz Phair,http://upload.wikimedia.org/wikipedia/en/0/00/Liz_Phair_-_Exile_in_Guyville.jpg
Mama Said Knock You Out,LL Cool J,http://upload.wikimedia.org/wikipedia/en/7/7e/Mama_Said_Knock_You_Out_%28LL_Cool_J_album_-_cover_art%29.jpg
Sorry for Party Rocking,LMAO,http://upload.wikimedia.org/wikipedia/en/4/49/LMFAO_-_Sorry_For_Party_Rocking.png
Pure Heroine,Lorde,http://upload.wikimedia.org/wikipedia/commons/f/fe/Lorde_Pure_Heroine.png
Transformer,Lou Reed,http://upload.wikimedia.org/wikipedia/en/f/f1/Loureedtransformer.jpeg
Forever Changes,Love,http://upload.wikimedia.org/wikipedia/en/c/c8/Love_-_forever_changes.jpg
Kala,M.I.A,http://upload.wikimedia.org/wikipedia/en/c/cf/M.I.A._-_Kala.png
Hurry Up We're Dreaming,M83,http://upload.wikimedia.org/wikipedia/en/4/46/M83-Hurry-Up-Were-Dreaming.jpg
The Heist,Macklemore & Ryan Lewis,http://upload.wikimedia.org/wikipedia/en/3/3a/The_Heist_cover.png
Ray of Light,Madonna,http://upload.wikimedia.org/wikipedia/en/d/dd/Ray_of_Light_Madonna.png
Imaginal Disk,Magdalena Bay,http://upload.wikimedia.org/wikipedia/en/4/4b/Magdalena_Bay_-_Imaginal_Disk.png
What's Going On,Marvin Gaye,http://upload.wikimedia.org/wikipedia/en/8/84/MarvinGayeWhat%27sGoingOnalbumcover.jpg
My Life,Mary J. Blige,http://upload.wikimedia.org/wikipedia/en/5/5f/Mary_J_Blige_album_cover_My_Life.jpg
Mezannine,Massive Attack,http://upload.wikimedia.org/wikipedia/en/e/e9/Massive_Attack_-_Mezzanine.png
Youth,Matisyahu,http://upload.wikimedia.org/wikipedia/en/a/a6/Matisyahu_-_Youth.jpg
Bat Out of Hell,Meat Loaf,http://upload.wikimedia.org/wikipedia/en/0/00/Bat_out_of_Hell.jpg
A Very Trainor Christmas,Meghan Trainor,http://upload.wikimedia.org/wikipedia/en/2/2d/A_Very_Trainor_Christmas.png
Down Every Road 1962–1994,Merle Haggard,http://upload.wikimedia.org/wikipedia/en/a/a2/Down_Every_Road.jpg
Master of Puppets,Metallica,http://upload.wikimedia.org/wikipedia/en/b/b2/Metallica_-_Master_of_Puppets_cover.jpg
Mm...Food?,MF Doom,http://upload.wikimedia.org/wikipedia/en/8/8a/Mmfood.jpg
Oracular Spectacular,MGMT,http://upload.wikimedia.org/wikipedia/en/8/83/Oracular_Spectacular_2008.jpg
Thriller,Michael Jackson,http://upload.wikimedia.org/wikipedia/en/5/55/Michael_Jackson_-_Thriller.png
Bitches Brew,Miles Davis,http://upload.wikimedia.org/wikipedia/en/7/72/Bitches_brew.jpg
Double Nickels on the Dime,Minutemen,http://upload.wikimedia.org/wikipedia/en/b/bc/Doublenickels.jpg
Supa Dupa Fly,Missy Elliott,http://upload.wikimedia.org/wikipedia/en/d/df/Missy_Elliott_Supa_Dupa_Fly.jpg
Be The Cowboy,Mitski,http://upload.wikimedia.org/wikipedia/en/f/f3/Be_the_Cowboy.jpg
Manning Fireworks,MJ Lenderman,http://upload.wikimedia.org/wikipedia/en/d/d8/MJ_Lenderman_-_Manning_Fireworks.png
Two Star & the Dream Police,Mk.gee,http://upload.wikimedia.org/wikipedia/en/c/ce/Mk.gee_-_Two_Star_and_the_Dream_Police_%28Album_Cover%29.jpg
The Lonesome Crowded West,Modest Mouse,http://upload.wikimedia.org/wikipedia/en/f/f5/MMLonesomeCrowdedWest.jpg
Loveless,My Bloody Valentine,http://upload.wikimedia.org/wikipedia/en/a/a3/Kanyewest_collegedropout.jpg
The Black Parade,My Chemical Romance,http://upload.wikimedia.org/wikipedia/en/e/ea/Blackparadecover.jpg
Straight Outta Compton,N.W.A.,http://upload.wikimedia.org/wikipedia/en/9/9b/NeilYoungHarvestalbumcover.jpg
Illmatic,Nas,http://upload.wikimedia.org/wikipedia/en/2/27/IllmaticNas.jpg
Harvest,Neil Young,http://upload.wikimedia.org/wikipedia/en/a/a3/Kanyewest_collegedropout.jpg
In the Aeroplane Over the Sea,Neutral Milk Hotel,http://upload.wikimedia.org/wikipedia/en/8/83/In_the_aeroplane_over_the_sea_album_cover_copy.jpg
Power Corruption & Lies,New Order,http://upload.wikimedia.org/wikipedia/commons/4/4f/New_Order_-_Power%2C_Corruption_%26_Lies.png
Skeleton Tree,Nick Cave & The Bad Seeds,http://upload.wikimedia.org/wikipedia/commons/0/0d/Nick_Cave_and_The_Bad_Seeds_-_Skeleton_Tree.jpg
All the Right Reasons,Nickleback,http://upload.wikimedia.org/wikipedia/en/c/cc/AllTheRightReasons.jpg
The Downward Spiral,Nine Inch Nails,http://upload.wikimedia.org/wikipedia/en/3/3b/Official_Album_Cover_of_%22The_Downward_Spiral%22_by_Nine_Inch_Nails.png
MTV Unplugged in New York,Nirvana,http://upload.wikimedia.org/wikipedia/en/5/54/Nirvana_mtv_unplugged_in_new_york.png
Nevermind,Nirvana,http://upload.wikimedia.org/wikipedia/en/b/b7/NirvanaNevermindalbumcover.jpg
No Strings Attached ,NSYNC,http://upload.wikimedia.org/wikipedia/en/a/a1/Nsync_-_No_Strings_Attached.png
Definitely Maybe,Oasis,http://upload.wikimedia.org/wikipedia/en/d/d4/OasisDefinitelyMaybealbumcover.jpg
Guts,Olivia Rodrigo,http://upload.wikimedia.org/wikipedia/en/0/03/Olivia_Rodrigo_-_Guts.png
The Last Will and Testament,Opeth,http://upload.wikimedia.org/wikipedia/en/4/47/Opeth_The_Last_Will_and_Testament.jpg
Speakerboxxx/The Love Below,Outkast,http://upload.wikimedia.org/wikipedia/en/5/54/Speakerboxxx-The_Love_Below.png
Person Pitch,Panda Bear,http://upload.wikimedia.org/wikipedia/en/c/c6/Panda_Bear_-_Person_Pitch_cover.png
A Fever You Can't Sweat Out,Panic! at the Disco,http://upload.wikimedia.org/wikipedia/en/e/e2/PanicAtTheDisco-FeverCover.jpg
Riot!,Paramore,http://upload.wikimedia.org/wikipedia/en/2/28/Paramore_-_Riot%21.png
Horses,Patti Smith,http://upload.wikimedia.org/wikipedia/en/8/88/PattiSmithHorses.jpg
Band on the Run,Paul McCartney and Wings,http://upload.wikimedia.org/wikipedia/en/f/f4/Paul_McCartney_%26_Wings-Band_on_the_Run_album_cover.jpg
Graceland,Paul Simon,http://upload.wikimedia.org/wikipedia/commons/c/c3/Graceland_cover_-_Paul_Simon.jpg
Wowee Zowee,Pavement,http://upload.wikimedia.org/wikipedia/en/0/0a/WoweeZowee.jpg
Ten,Pearl Jam,http://upload.wikimedia.org/wikipedia/en/6/6f/Pearl_Jam_Ten_Alt_Cover.jpg
So,Peter Gabriel,http://upload.wikimedia.org/wikipedia/en/a/a4/So_%28album%29.png
Stranger in the Alps,Pheobe Bridgers,http://upload.wikimedia.org/wikipedia/en/f/f2/Phoebe_Bridgers_%E2%80%93_Stranger_in_the_Alps.png
Wolfgang Amadeus Phoenix,Phoenix,http://upload.wikimedia.org/wikipedia/en/9/94/Phoenix_-_Wolfgang_Amadeus_Phoenix.png
Cardinal,Pinegrove,http://upload.wikimedia.org/wikipedia/en/f/fa/Cardinal_-_Pinegrove.jpg
The Dark Side of the Moon,Pink Floyd,http://upload.wikimedia.org/wikipedia/en/3/3b/Dark_Side_of_the_Moon.png
Doolittle,Pixies,http://upload.wikimedia.org/wikipedia/en/6/6b/Pixies-Doolittle.jpg
Rid of Me,PJ Harvey,http://upload.wikimedia.org/wikipedia/en/c/c6/Rid_of_Me.jpg
Whole Lotta Red,Playboi Carti,http://upload.wikimedia.org/wikipedia/en/6/6c/Playboi_Carti_-_Whole_Lotta_Red.png
Dummy,Portishead,http://upload.wikimedia.org/wikipedia/en/6/6b/Portishead_-_Dummy.png
F-1 Trillion,Post Malone,http://upload.wikimedia.org/wikipedia/en/e/e4/Post_Malone_-_F-1_Trillion.png
Purple Rain,Prince and the Revolution,http://upload.wikimedia.org/wikipedia/en/9/9c/Princepurplerain.jpg
It Takes a Nation of Millions to Hold Us Back,Public Enemy,http://upload.wikimedia.org/wikipedia/en/7/73/PublicEnemyItTakesaNationofMillionstoHoldUsBack.jpg
Forever,Puff Daddy,http://upload.wikimedia.org/wikipedia/en/3/3a/Foreverdiddy.jpg
Different Class,Pulp,http://upload.wikimedia.org/wikipedia/en/e/e1/Pulp_-_Different_Class.PNG
Purple Mountains,Purple Mountains,http://upload.wikimedia.org/wikipedia/en/9/9a/Purple_Mountains_-_Purple_Mountains.png
A Night at the Opera,Queen,http://upload.wikimedia.org/wikipedia/en/4/4d/Queen_A_Night_At_The_Opera.png
Songs for the Dead,Queen of the Stone Age,http://upload.wikimedia.org/wikipedia/en/0/01/Queens_of_the_Stone_Age_-_Songs_for_the_Deaf.png
Murmur,R.E.M.,http://upload.wikimedia.org/wikipedia/en/c/c0/R.E.M._-_Murmur.jpg
In Rainbows,Radiohead,http://upload.wikimedia.org/wikipedia/en/1/14/Inrainbowscover.png
Kid A,Radiohead,http://upload.wikimedia.org/wikipedia/en/0/02/Radioheadkida.png
Pablo Honey,Radiohead,http://upload.wikimedia.org/wikipedia/en/0/0f/Radiohead.pablohoney.albumart.jpg
Only Built 4 Cuban Linx...,Raekwon,http://upload.wikimedia.org/wikipedia/en/1/17/Raekwon_only.jpg
Rage Against the Machine,Rage Against the Machine,http://upload.wikimedia.org/wikipedia/en/1/1a/RageAgainsttheMachineRageAgainsttheMachine.jpg
Ramones,Ramones,http://upload.wikimedia.org/wikipedia/en/b/bb/Ramones_-_Ramones_cover.jpg
Sail Away,Randy Newman,http://upload.wikimedia.org/wikipedia/en/0/0a/Randy_Newman-Sail_Away_%28album_cover%29.jpg
Modern Sounds in Country and Western Music,Ray Charles,http://upload.wikimedia.org/wikipedia/en/7/74/ModernSoundsInC%26WMusic.jpg
Blood Sugar Sex Magik,Red Hot Chili Peppers,http://upload.wikimedia.org/wikipedia/en/5/5e/RHCP-BSSM.jpg
Anti,Rihanna,http://upload.wikimedia.org/wikipedia/en/3/32/Rihanna_-_Anti.png
Body Talk,Robyn,http://upload.wikimedia.org/wikipedia/en/c/cd/Body_Talk_by_Robyn.png
Every Picture Tells a Story,Rod Stewart,http://upload.wikimedia.org/wikipedia/en/7/75/EveryPictureTellsaStory.jpg
Rosie,Rosé,http://upload.wikimedia.org/wikipedia/en/8/81/Ros%C3%A9_-_R.png
Run The Jewels 2,Run The Jewels,http://upload.wikimedia.org/wikipedia/en/9/93/RunTheJewelsRTJ2.jpg
Raising Hell,Run-DMC,http://upload.wikimedia.org/wikipedia/en/9/93/Raising_Hell_%28Run_DMC_album_-_cover_art%29.jpg
Moving Pictures,Rush,http://upload.wikimedia.org/wikipedia/en/4/4a/Moving_Pictures.jpg
Emails I Can't Send,Sabrina Carpenter,http://upload.wikimedia.org/wikipedia/en/7/78/Sabrina_Carpenter_-_Emails_I_Can%27t_Send.png
Short n' Sweet,Sabrina Carpenter,http://upload.wikimedia.org/wikipedia/en/f/fd/Short_n%27_Sweet_-_Sabrina_Carpenter.png
Never Mind the Bollocks Here's the Sex Pistols,Sex Pistols,http://upload.wikimedia.org/wikipedia/en/4/4c/Never_Mind_the_Bollocks%2C_Here%27s_the_Sex_Pistols.png
Come On Over,Shania Twain,http://upload.wikimedia.org/wikipedia/en/0/0b/ShaniaTwainComeOnOver.png
Ágætis byrjun,Sigur Ros,http://upload.wikimedia.org/wikipedia/en/9/92/%C3%81g%C3%A6tisByrjunCover.JPG
American Waters,Silver Jews,http://upload.wikimedia.org/wikipedia/en/d/d1/American_water.jpg
The Woods,Sleater-Kinney,http://upload.wikimedia.org/wikipedia/en/a/a1/Sleater-Kinney_The_Woods.jpg
Spiderland,Slint,http://upload.wikimedia.org/wikipedia/en/3/39/Slint_-_Spiderland.jpg
Slowdive,Slowdive,http://upload.wikimedia.org/wikipedia/en/6/6d/Slowdive_Album_2017.jpg
Stand!,Sly and the Family Stone,http://upload.wikimedia.org/wikipedia/en/c/ce/Stand-slyfam.jpg
Doggystyle,Snoop Dogg,http://upload.wikimedia.org/wikipedia/en/6/63/SnoopDoggyDoggDoggystyle.jpg
A Seat At Table,Solange,http://upload.wikimedia.org/wikipedia/en/8/8d/Solange_-_A_Seat_at_the_Table.png
Daydream Nation,Sonic Youth,http://upload.wikimedia.org/wikipedia/en/a/ad/Daydreamnation.png
OIL OF EVERY PEARL's UN-INSIDES,SOPHIE,http://upload.wikimedia.org/wikipedia/en/d/d0/Sophie_-_Oil_of_Every_Pearl%27s_Un-Insides.png
Ga Ga Ga Ga Ga,Spoon,http://upload.wikimedia.org/wikipedia/en/d/d7/GaGaGaGaGa.jpg
Strange Mercy,St. Vincent,http://upload.wikimedia.org/wikipedia/en/7/7c/St._Vincent_-_Strange_Mercy.jpg
Can't Buy a Thrill,Steely Dan,http://upload.wikimedia.org/wikipedia/en/b/b2/Cant_buy_a_tcant_buy_a_thrill.jpg
Innervisions,Stevie Wonder,http://upload.wikimedia.org/wikipedia/en/3/3b/Steviewonder_innervisions.jpg
Illinois,Sufjan Stevens,http://upload.wikimedia.org/wikipedia/en/0/01/Sufjan_Stevens_-_Illinois.jpg
To Be Kind,Swans,http://upload.wikimedia.org/wikipedia/en/8/85/Swans_To_Be_Kind.jpg
Toxicity,System of a Down,http://upload.wikimedia.org/wikipedia/en/6/64/SystemofaDownToxicityalbumcover.jpg
Ctrl,SZA,http://upload.wikimedia.org/wikipedia/en/b/bf/SZA_-_Ctrl_cover.png
Electric Warrior,T. Rex,http://upload.wikimedia.org/wikipedia/en/e/e5/T_Rex_Electric_Warrior_UK_album_cover.jpg
Remain in Light,Talking Heads,http://upload.wikimedia.org/wikipedia/en/2/2d/TalkingHeadsRemaininLight.jpg
Currents,Tame Impala,http://upload.wikimedia.org/wikipedia/en/9/9b/Tame_Impala_-_Currents.png
1989 (Taylor's Version),Taylor Swift,http://upload.wikimedia.org/wikipedia/en/d/d5/Taylor_Swift_-_1989_%28Taylor%27s_Version%29.png
Red,Taylor Swift,http://upload.wikimedia.org/wikipedia/en/e/e8/Taylor_Swift_-_Red.png
Speak Now,Taylor Swift,http://upload.wikimedia.org/wikipedia/en/8/8f/Taylor_Swift_-_Speak_Now_cover.png
Marquee Moon,Television,http://upload.wikimedia.org/wikipedia/en/a/af/Marquee_moon_album_cover.jpg
I Like It When You Sleep for You Are So Beautiful yet So Unaware of It,The 1975,http://upload.wikimedia.org/wikipedia/en/9/91/The_1975_-_I_Like_It_When_You_Sleep%2C_for_You_Are_So_Beautiful_Yet_So_Unaware_of_It.png
At Fillmore East,The Allman Brothers Band,http://upload.wikimedia.org/wikipedia/en/2/2c/AllmanBrothersBandAtFillmoreEast.jpg
AM,The Arctic Monkeys,http://upload.wikimedia.org/wikipedia/commons/e/e7/%22AM%22_%28Arctic_Monkeys%29.jpg
Since I Left You,The Avalanches,http://upload.wikimedia.org/wikipedia/en/9/97/Since_i_left_you.jpg
The B-52's,The B-52's,http://upload.wikimedia.org/wikipedia/en/9/92/The_B-52%27s_cover.jpg
Music from Big Pink,The Band,http://upload.wikimedia.org/wikipedia/en/a/a9/Bigpink.jpg
Pet Sounds,The Beach Boys,http://upload.wikimedia.org/wikipedia/en/b/bb/PetSoundsCover.jpg
Help!,The Beatles,http://upload.wikimedia.org/wikipedia/en/d/d7/The_Beatles_-_Help%21.png
Sgt. Pepper's Lonely Hearts Club Band,The Beatles,http://upload.wikimedia.org/wikipedia/en/5/50/Sgt._Pepper%27s_Lonely_Hearts_Club_Band.jpg
Saturday Night Fever,The Bee Gees,http://upload.wikimedia.org/wikipedia/en/0/0c/TheBeeGeesSaturdayNightFeveralbumcover.jpg
Last Splash,The Breeders,http://upload.wikimedia.org/wikipedia/en/f/f3/TheBreedersLastSplash.jpg
Mr. Tambourine Man,The Byrds,http://upload.wikimedia.org/wikipedia/en/2/2d/Byrds-MrTambourineMan.jpg
London Calling,The Clash,http://upload.wikimedia.org/wikipedia/en/0/00/TheClashLondonCallingalbumcover.jpg
Disintegration,The Cure,http://upload.wikimedia.org/wikipedia/en/b/b8/CureDisintegration.jpg
Emergency & I,The Dismemberment Plan,http://upload.wikimedia.org/wikipedia/en/b/ba/The_Dismemberment_Plan_-_Emergency_%26_I.png
The Doors,The Doors,http://upload.wikimedia.org/wikipedia/en/9/98/TheDoorsTheDoorsalbumcover.jpg
Hotel California,The Eagles,http://upload.wikimedia.org/wikipedia/en/4/49/Hotelcalifornia.jpg
The Soft Bulletin,The Flaming Lips,http://upload.wikimedia.org/wikipedia/en/9/9d/Soft_Bulletin_cover.jpg
American Beauty,The Greatful Dead,http://upload.wikimedia.org/wikipedia/en/6/6a/Grateful_Dead_-_American_Beauty.jpg
Are You Experienced,The Jimi Hendrix Experience,http://upload.wikimedia.org/wikipedia/en/1/17/AreyouexpUK.jpg
Silent Shout,The Knife,http://upload.wikimedia.org/wikipedia/en/e/ef/The_Knife_-_Silent_Shout_%28album%29.png
69 Love Songs,The Magnetic Fields,http://upload.wikimedia.org/wikipedia/en/0/00/The_Magnetic_Fields_-_69_Love_Songs.jpg
The Glow Pt. 2,The Microphones,http://upload.wikimedia.org/wikipedia/commons/3/3b/The_Glow_pt._2.jpg
The Modern Lovers,The Modern Lovers,http://upload.wikimedia.org/wikipedia/en/d/da/The_Modern_Lovers_%28album%29.jpg
Boxer,The National,http://upload.wikimedia.org/wikipedia/en/0/0a/TheNational-Boxer.jpg
Ready to Die,The Notorious B.I.G.,http://upload.wikimedia.org/wikipedia/en/9/97/Ready_To_Die.jpg
Synchronicity,The Police,http://upload.wikimedia.org/wikipedia/en/7/7f/Police-album-synchronicity.jpg
Give Up,The Postal Service,http://upload.wikimedia.org/wikipedia/commons/c/ce/PostalService_cover300dpi.jpg
Pretenders,The Pretenders,http://upload.wikimedia.org/wikipedia/en/e/ee/Pretenders_album.jpg
Let It Be,The Replacements,http://upload.wikimedia.org/wikipedia/en/c/c0/R.E.M._-_Murmur.jpg
Exile on Main St.,The Rolling Stones,http://upload.wikimedia.org/wikipedia/en/c/ca/ExileMainSt.jpg
Cut,The Slits,http://upload.wikimedia.org/wikipedia/en/a/ab/Cut_%28The_Slits%29.jpg
Mellon Collie and the Infinite Sadness,The Smashing Pumpkins,http://upload.wikimedia.org/wikipedia/en/7/76/The_Smashing_Pumpkins_-_Mellon_Collie_And_The_infinite_Sadness.jpg
The Queen Is Dead,The Smiths,http://upload.wikimedia.org/wikipedia/en/e/ed/The-Queen-is-Dead-cover.png
Fun House,The Stooges,http://upload.wikimedia.org/wikipedia/en/f/f1/Loureedtransformer.jpeg
Is This It,The Strokes,http://upload.wikimedia.org/wikipedia/en/0/09/The_Strokes_-_Is_This_It_cover.png
The Velvet Underground & Nico,The Velvet Underground and Nico,http://upload.wikimedia.org/wikipedia/en/0/0c/Velvet_Underground_and_Nico.jpg
A Charlie Brown Christmas (soundtrack),The Vince Guaraldi Trio,http://upload.wikimedia.org/wikipedia/en/3/3a/A_Charlie_Brown_Christmas_%28Rmst%29.jpg
Lost in the Dream,The War on Drugs,http://upload.wikimedia.org/wikipedia/en/0/0b/Lostinthedream.jpg
Elephant,The White Stripes,http://upload.wikimedia.org/wikipedia/en/1/11/Elephant%2C_The_White_Stripes.png
Who's Next,The Who,http://upload.wikimedia.org/wikipedia/en/4/44/Whosnext.jpg
xx,The xx,http://upload.wikimedia.org/wikipedia/commons/a/ae/Xx_album_cover.svg
Odessey and Oracle,The Zombies,http://upload.wikimedia.org/wikipedia/en/6/6a/Odessey_and_Oracle.jpg
The Monitor,Titus Andronicus,http://upload.wikimedia.org/wikipedia/en/6/68/Titus_andronicus_The_Monitor_album_cover.jpg
CrazySexyCool,TLC,http://upload.wikimedia.org/wikipedia/en/5/5b/TLC_-_CrazySexyCool_album_cover.png
Wildflowers,Tom Petty,http://upload.wikimedia.org/wikipedia/en/d/d8/Tom_Petty_Wildflowers.jpg
Little Earthquakes,Tori Amos,http://upload.wikimedia.org/wikipedia/en/d/d0/Lecover-big.jpg
Tracy Chapman,Tracy Chapman,http://upload.wikimedia.org/wikipedia/en/3/3d/Tracy_Chapman_-_Tracy_Chapman.jpg
Utopia,Travis Scott,http://upload.wikimedia.org/wikipedia/en/2/23/Travis_Scott_-_Utopia.png
Return To Cookie Mountain,TV on The Radio,http://upload.wikimedia.org/wikipedia/en/b/ba/Cookiemtn.jpg
Tyla,Tyla,http://upload.wikimedia.org/wikipedia/en/1/1e/Tyla_album.jpg
Bastard,Tyler the Creator,http://upload.wikimedia.org/wikipedia/en/9/9a/BASTARDCOVER.png
Flower Boy,Tyler the Creator,http://upload.wikimedia.org/wikipedia/en/c/c3/Tyler%2C_the_Creator_-_Flower_Boy.png
The Joshua Tree,U2,http://upload.wikimedia.org/wikipedia/en/6/6b/The_Joshua_Tree.png
Vampire Weekend,Vampire Weekend,http://upload.wikimedia.org/wikipedia/en/2/27/VampireWeekendCD2.jpg
Van Halen,Van Halen,http://upload.wikimedia.org/wikipedia/en/0/0d/Van_Halen_album.jpg
Moana (soundtrack),Various Artists,http://upload.wikimedia.org/wikipedia/en/5/59/Moana_Soundtrack.jpg
The Greatest Showman (soundtrack),Various Artists,http://upload.wikimedia.org/wikipedia/en/3/39/The_Greatest_Showman_%28Original_Motion_Picture_Soundtrack%29.png
Wicked: The Soundtrack,Various Artists,http://upload.wikimedia.org/wikipedia/en/d/d5/Wicked_The_Soundtrack.jpeg
Saint Cloud,Waxahatchee,http://upload.wikimedia.org/wikipedia/en/c/c3/Waxahatchee_Saint_Cloud.jpg
Weezer,Weezer,http://upload.wikimedia.org/wikipedia/en/7/70/Weezer_-_Blue_Album.png
Poodle Hat,Weird Al Yankovich,http://upload.wikimedia.org/wikipedia/en/0/0b/Weirdalpoodlehat.jpeg
Titanic Rising,Weyes Blood,http://upload.wikimedia.org/wikipedia/en/f/f6/Titanic_Rising.jpg
Whitney Houston,Whitney Houston,http://upload.wikimedia.org/wikipedia/en/1/15/Whitney_Houston_-_Whitney.png
Yankee Hotel Foxtrot,Wilco,http://upload.wikimedia.org/wikipedia/en/1/1c/Yankee_Hotel_Foxtrot_%28Front_Cover%29.png
Red Headed Stranger,Willie Nelson,http://upload.wikimedia.org/wikipedia/en/a/a4/WillieNelsonRedHeadedStrangeralbumcover.jpg
Apologies to the Queen Mary,Wolf Parade,http://upload.wikimedia.org/wikipedia/en/8/87/ApologiestotheQueenMary.jpg
Enter the Wu-Tang (36 Chambers),Wu-Tang Clan,http://upload.wikimedia.org/wikipedia/en/5/53/Wu-TangClanEntertheWu-Tangalbumcover.jpg
17,XXXTentacion,http://upload.wikimedia.org/wikipedia/en/4/41/17_XXXTENTACION_Cover.png
Fever to Tell,Yeah Yeah Yeahs,http://upload.wikimedia.org/wikipedia/en/0/0b/Yeah_Yeah_Yeahs_-_Fever_to_Tell.png
I Can Hear the Heart Beating as One,Yo La Tengo,http://upload.wikimedia.org/wikipedia/en/d/db/I_Can_Hear_the_Heart_Beating_as_One.png